moneda_base,moneda_destino,valor_compra,valor_venta,fecha_hora,fecha_carga
USD,BRL,5.6802,5.6832,2025-04-01 16:36:45,2025-04-01 21:24:28
USD,BRLT,5.72086,5.89762,2025-04-01 16:36:45,2025-04-01 21:24:28
CAD,BRL,3.96137,3.97111,2025-04-01 16:36:04,2025-04-01 21:24:28
EUR,BRL,6.12745,6.14251,2025-04-01 16:36:04,2025-04-01 21:24:28
GBP,BRL,7.34244,7.34631,2025-04-01 16:37:15,2025-04-01 21:24:28
ARS,BRL,0.00529207,0.00530508,2025-04-01 16:36:45,2025-04-01 21:24:28
BTC,BRL,484421.0,484443.0,2025-04-01 16:36:32,2025-04-01 21:24:28
LTC,BRL,484.4,484.8,2025-04-01 16:36:42,2025-04-01 21:24:28
JPY,BRL,0.0380034,0.0380235,2025-04-01 16:36:45,2025-04-01 21:24:28
CHF,BRL,6.42728,6.44308,2025-04-01 16:36:04,2025-04-01 21:24:28
AUD,BRL,3.55957,3.56832,2025-04-01 16:36:04,2025-04-01 21:24:28
CNY,BRL,0.782711,0.782909,2025-04-01 16:36:45,2025-04-01 21:24:28
ILS,BRL,1.53503,1.53954,2025-04-01 16:36:14,2025-04-01 21:24:28
ETH,BRL,10909.0,10917.2,2025-04-01 16:36:51,2025-04-01 21:24:28
XRP,BRL,12.244,12.259,2025-04-01 16:37:03,2025-04-01 21:24:28
EUR,USD,1.07984,1.07989,2025-04-01 16:36:40,2025-04-01 21:24:28
CAD,USD,0.698,0.69808,2025-04-01 16:37:06,2025-04-01 21:24:28
GBP,USD,1.29219,1.29227,2025-04-01 16:36:52,2025-04-01 21:24:28
ARS,USD,0.000932076,0.000932083,2025-04-01 16:36:52,2025-04-01 21:24:28
JPY,USD,0.00669022,0.00669053,2025-04-01 16:36:37,2025-04-01 21:24:28
CHF,USD,1.13273,1.13291,2025-04-01 16:37:08,2025-04-01 21:24:28
AUD,USD,0.62727,0.62737,2025-04-01 16:36:47,2025-04-01 21:24:28
CNY,USD,0.137766,0.137804,2025-03-31 21:00:00,2025-04-01 21:24:28
ILS,USD,0.270421,0.270753,2025-04-01 14:59:51,2025-04-01 21:24:28
BTC,USD,84992.8,84992.8,2025-04-01 16:36:37,2025-04-01 21:24:28
LTC,USD,85.11,85.12,2025-04-01 16:37:07,2025-04-01 21:24:28
ETH,USD,1914.52,1914.53,2025-04-01 16:37:14,2025-04-01 21:24:28
XRP,USD,2.1502,2.1503,2025-04-01 16:36:34,2025-04-01 21:24:28
BRL,USD,0.175957,0.17605,2025-04-01 16:36:45,2025-04-01 21:24:28
BRL,EUR,0.1628,0.1632,2025-04-01 16:36:04,2025-04-01 21:24:28
USD,EUR,0.92603,0.92608,2025-04-01 16:36:45,2025-04-01 21:24:28
CAD,EUR,0.646379,0.646471,2025-04-01 16:36:54,2025-04-01 21:24:28
GBP,EUR,1.19657,1.19667,2025-04-01 16:37:12,2025-04-01 21:24:28
ARS,EUR,0.000863133,0.00086314,2025-04-01 16:36:36,2025-04-01 21:24:28
JPY,EUR,0.006192,0.006198,2025-04-01 16:36:32,2025-04-01 21:24:28
CHF,EUR,1.04891,1.04908,2025-04-01 16:37:08,2025-04-01 21:24:28
AUD,EUR,0.58088,0.58097,2025-04-01 16:36:53,2025-04-01 21:24:28
CNY,EUR,0.127574,0.127609,2025-04-01 16:36:33,2025-04-01 21:24:28
ILS,EUR,0.250194,0.250501,2025-04-01 14:59:51,2025-04-01 21:24:28
BTC,EUR,78758.3,78758.4,2025-04-01 16:37:17,2025-04-01 21:24:28
LTC,EUR,78.81,78.84,2025-04-01 16:36:59,2025-04-01 21:24:28
ETH,EUR,1774.09,1774.12,2025-04-01 16:36:48,2025-04-01 21:24:28
XRP,EUR,1.9904,1.9907,2025-04-01 16:36:37,2025-04-01 21:24:28
DOGE,BRL,0.9888,0.9893,2025-04-01 16:37:01,2025-04-01 21:24:28
DOGE,EUR,0.16065,0.16067,2025-04-01 16:37:08,2025-04-01 21:24:28
DOGE,USD,0.17338,0.17339,2025-04-01 16:36:39,2025-04-01 21:24:28
USD,JPY,149.472,149.481,2025-04-01 16:36:51,2025-04-01 21:24:28
USD,CHF,0.88267,0.88282,2025-04-01 16:37:08,2025-04-01 21:24:28
USD,CAD,1.43262,1.43274,2025-04-01 16:37:13,2025-04-01 21:24:28
NZD,USD,0.56976,0.56984,2025-04-01 16:36:54,2025-04-01 21:24:28
USD,ZAR,18.4318,18.4344,2025-04-01 16:36:45,2025-04-01 21:24:28
USD,TRY,37.8465,37.8849,2025-04-01 16:36:47,2025-04-01 21:24:28
USD,MXN,20.3503,20.3803,2025-04-01 16:36:55,2025-04-01 21:24:28
USD,PLN,3.87011,3.87863,2025-04-01 16:36:50,2025-04-01 21:24:28
USD,SEK,9.99816,10.0007,2025-04-01 16:37:09,2025-04-01 21:24:28
USD,SGD,1.34391,1.34406,2025-04-01 16:36:45,2025-04-01 21:24:28
USD,DKK,6.90958,6.91008,2025-04-01 16:36:46,2025-04-01 21:24:28
USD,NOK,10.4606,10.4627,2025-04-01 16:36:38,2025-04-01 21:24:28
USD,ILS,3.69396,3.69717,2025-04-01 15:02:23,2025-04-01 21:24:28
USD,HUF,372.017,372.196,2025-04-01 16:37:18,2025-04-01 21:24:28
USD,CZK,23.083,23.113,2025-04-01 16:36:43,2025-04-01 21:24:28
USD,THB,34.188,34.224,2025-04-01 16:36:56,2025-04-01 21:24:28
USD,AED,3.67265,3.67345,2025-04-01 13:00:17,2025-04-01 21:24:28
USD,JOD,0.7065,0.7115,2025-03-31 22:00:02,2025-04-01 21:24:28
USD,KWD,0.3078,0.3088,2025-04-01 16:11:25,2025-04-01 21:24:28
USD,HKD,7.78081,7.78106,2025-04-01 16:36:54,2025-04-01 21:24:28
USD,SAR,3.74672,3.75599,2025-04-01 16:31:34,2025-04-01 21:24:28
USD,INR,85.6198,85.6309,2025-04-01 16:36:45,2025-04-01 21:24:28
USD,KRW,1471.06,1471.57,2025-04-01 16:36:39,2025-04-01 21:24:28
FJD,USD,0.425695,0.4307,2025-03-31 22:00:01,2025-04-01 21:24:28
GHS,USD,0.0643876,0.0645802,2025-04-01 11:19:03,2025-04-01 21:24:28
KYD,USD,1.17322,1.22655,2025-04-01 11:19:03,2025-04-01 21:24:28
SGD,USD,0.744014,0.744075,2025-04-01 16:36:53,2025-04-01 21:24:28
USD,ALL,89.6923,94.3252,2025-04-01 11:19:03,2025-04-01 21:24:28
USD,AMD,362.94,418.533,2025-04-01 11:19:03,2025-04-01 21:24:28
USD,ANG,1.7441,1.83631,2025-03-31 21:00:00,2025-04-01 21:24:28
USD,ARS,1072.87,1072.87,2025-04-01 16:36:52,2025-04-01 21:24:28
USD,AUD,1.59408,1.59433,2025-04-01 16:37:06,2025-04-01 21:24:28
USD,BBD,1.97379,2.06644,2025-04-01 11:19:04,2025-04-01 21:24:28
USD,BDT,119.919,123.255,2025-04-01 11:19:05,2025-04-01 21:24:28
USD,BGN,1.8003,1.81991,2025-04-01 16:32:40,2025-04-01 21:24:28
USD,BHD,0.374117,0.379674,2025-04-01 16:31:34,2025-04-01 21:24:28
USD,BIF,2947.54,2999.43,2025-04-01 11:19:03,2025-04-01 21:24:28
USD,BND,1.32066,1.36699,2025-04-01 11:19:04,2025-04-01 21:24:28
USD,BOB,6.72865,7.09928,2025-04-01 11:19:03,2025-04-01 21:24:28
USD,BSD,0.993982,1.00695,2025-04-01 11:19:04,2025-04-01 21:24:28
USD,BWP,13.5864,13.8829,2025-04-01 11:19:03,2025-04-01 21:24:28
USD,BZD,1.96332,2.05597,2025-04-01 11:19:03,2025-04-01 21:24:28
USD,CLP,943.1,944.73,2025-04-01 16:33:31,2025-04-01 21:24:28
USD,CNY,7.2567,7.2587,2025-03-31 21:00:00,2025-04-01 21:24:28
USD,COP,4168.08,4171.58,2025-04-01 16:36:43,2025-04-01 21:24:28
USD,CRC,487.448,513.391,2025-04-01 11:19:04,2025-04-01 21:24:28
USD,CUP,23.9842,24.0398,2025-04-01 11:19:04,2025-04-01 21:24:28
USD,DJF,178.049,178.067,2025-03-19 01:47:24,2025-04-01 21:24:28
USD,DOP,62.5686,64.0511,2025-04-01 11:19:04,2025-04-01 21:24:28
USD,DZD,133.353,134.353,2025-04-01 16:31:35,2025-04-01 21:24:28
USD,EGP,50.5475,50.5938,2025-04-01 16:36:58,2025-04-01 21:24:28
USD,ETB,132.214,132.677,2025-04-01 11:19:03,2025-04-01 21:24:28
USD,FJD,2.3218,2.3491,2025-03-31 22:00:01,2025-04-01 21:24:28
USD,GBP,0.77384,0.77391,2025-04-01 16:36:41,2025-04-01 21:24:28
USD,GEL,2.73,2.79,2025-03-31 21:00:00,2025-04-01 21:24:28
USD,GHS,15.4846,15.5309,2025-04-01 11:19:03,2025-04-01 21:24:28
USD,GMD,70.0,73.0,2025-03-31 21:00:00,2025-04-01 21:24:28
USD,GNF,8574.0,8740.77,2025-04-01 11:19:05,2025-04-01 21:24:28
USD,GTQ,7.53547,7.90609,2025-04-01 11:19:04,2025-04-01 21:24:28
USD,HNL,25.1349,26.0615,2025-04-01 11:19:04,2025-04-01 21:24:28
USD,HRK,7.0397,7.0447,2025-03-19 15:19:03,2025-04-01 21:24:28
USD,HTG,130.242,132.095,2025-04-01 11:19:04,2025-04-01 21:24:28
USD,IDR,16720.5,16727.5,2025-04-01 16:35:53,2025-04-01 21:24:28
USD,IQD,1282.87,1338.47,2025-04-01 11:19:04,2025-04-01 21:24:28
USD,IRR,42000.0,42210.0,2025-03-19 15:19:03,2025-04-01 21:24:28
USD,ISK,132.77,133.37,2025-04-01 16:37:03,2025-04-01 21:24:28
USD,JMD,155.768,159.104,2025-04-01 11:19:05,2025-04-01 21:24:28
USD,KES,128.22,130.22,2025-04-01 12:52:57,2025-04-01 21:24:28
USD,KHR,3909.21,4094.53,2025-04-01 11:19:03,2025-04-01 21:24:28
USD,KMF,455.0,456.0,2025-03-31 21:00:00,2025-04-01 21:24:28
USD,KZT,500.887,506.446,2025-04-01 11:19:04,2025-04-01 21:24:28
USD,LAK,21439.0,21902.3,2025-04-01 11:19:03,2025-04-01 21:24:28
USD,LBP,89606.9,89681.0,2025-04-01 11:19:03,2025-04-01 21:24:28
USD,LKR,292.976,299.461,2025-04-01 11:19:04,2025-04-01 21:24:28
USD,LSL,18.1741,18.6003,2025-04-01 11:19:04,2025-04-01 21:24:28
USD,LYD,4.81055,4.86614,2025-04-01 11:19:05,2025-04-01 21:24:28
USD,MAD,9.32985,9.95988,2025-04-01 11:19:05,2025-04-01 21:24:28
USD,MDL,17.6614,18.2174,2025-04-01 11:19:03,2025-04-01 21:24:28
USD,MGA,4630.8,4723.45,2025-04-01 11:19:03,2025-04-01 21:24:28
USD,MKD,56.5714,57.405,2025-04-01 16:31:34,2025-04-01 21:24:28
USD,MMK,3227.47,3268.45,2025-03-19 15:19:03,2025-04-01 21:24:28
USD,MOP,7.83409,8.20472,2025-04-01 11:19:02,2025-04-01 21:24:28
USD,MRO,39.81,40.31,2025-02-28 22:00:08,2025-04-01 21:24:28
USD,MUR,44.63,46.63,2025-04-01 10:39:10,2025-04-01 21:24:28
USD,MVR,15.26,15.56,2025-03-31 21:00:00,2025-04-01 21:24:28
USD,MWK,1731.21,1738.62,2025-04-01 11:19:03,2025-04-01 21:24:28
USD,MYR,4.435,4.44,2025-04-01 00:22:11,2025-04-01 21:24:28
USD,NAD,18.1743,18.6005,2025-04-01 11:19:04,2025-04-01 21:24:28
USD,NGN,1536.25,1537.25,2025-04-01 14:15:40,2025-04-01 21:24:28
USD,NIO,36.3566,37.2831,2025-04-01 11:19:05,2025-04-01 21:24:28
USD,NPR,135.559,138.709,2025-04-01 11:19:04,2025-04-01 21:24:28
USD,NZD,1.75466,1.75518,2025-04-01 16:36:46,2025-04-01 21:24:28
USD,OMR,0.383613,0.386393,2025-04-01 16:31:35,2025-04-01 21:24:28
USD,PAB,0.977305,1.02363,2025-04-01 11:19:03,2025-04-01 21:24:28
USD,PEN,3.6753,3.6803,2025-04-01 12:48:37,2025-04-01 21:24:28
USD,PGK,4.05166,4.1999,2025-04-01 11:19:05,2025-04-01 21:24:28
USD,PHP,57.235,57.281,2025-04-01 16:36:44,2025-04-01 21:24:28
USD,PKR,278.828,281.792,2025-04-01 11:19:04,2025-04-01 21:24:28
USD,PYG,7867.99,8108.88,2025-04-01 11:19:05,2025-04-01 21:24:28
USD,QAR,3.50965,3.78761,2025-04-01 11:19:05,2025-04-01 21:24:28
USD,RON,4.6047,4.6147,2025-04-01 16:36:27,2025-04-01 21:24:28
USD,RSD,108.017,109.017,2025-04-01 16:33:08,2025-04-01 21:24:28
USD,RWF,1412.84,1440.64,2025-04-01 11:19:03,2025-04-01 21:24:28
USD,SCR,13.628,15.128,2025-04-01 15:25:11,2025-04-01 21:24:28
USD,SDG,598.0,603.0,2025-03-31 21:00:00,2025-04-01 21:24:28
USD,SOS,534.726,608.852,2025-04-01 11:19:03,2025-04-01 21:24:28
USD,STD,23.6,24.5,2025-02-28 22:00:08,2025-04-01 21:24:28
USD,SVC,8.53138,8.9761,2025-04-01 11:19:05,2025-04-01 21:24:28
USD,SYP,13000.0,13010.0,2025-02-28 20:59:56,2025-04-01 21:24:28
USD,SZL,18.1883,18.5589,2025-04-01 11:19:03,2025-04-01 21:24:28
USD,TND,3.09466,3.12431,2025-04-01 11:19:04,2025-04-01 21:24:28
USD,TTD,6.64965,6.92761,2025-04-01 11:19:04,2025-04-01 21:24:28
USD,TWD,33.238,33.248,2025-04-01 16:36:33,2025-04-01 21:24:28
USD,TZS,2639.99,2640.01,2025-03-31 23:00:01,2025-04-01 21:24:28
USD,UAH,41.1064,41.6642,2025-04-01 16:36:45,2025-04-01 21:24:28
USD,UGX,3614.36,3697.75,2025-04-01 11:19:04,2025-04-01 21:24:28
USD,UYU,41.6284,42.7403,2025-04-01 11:19:04,2025-04-01 21:24:28
USD,UZS,12911.0,12975.9,2025-04-01 11:19:04,2025-04-01 21:24:28
USD,VEF,64.4007,64.4077,2025-02-28 22:00:08,2025-04-01 21:24:28
USD,VND,25620.0,25650.0,2025-04-01 10:28:57,2025-04-01 21:24:28
USD,VUV,121.0,126.0,2025-02-28 21:26:17,2025-04-01 21:24:28
USD,XAF,601.72,601.72,2025-03-14 21:43:06,2025-04-01 21:24:28
USD,XCD,2.6882,2.7169,2025-03-31 21:00:01,2025-04-01 21:24:28
USD,XOF,604.0,609.0,2025-03-31 21:00:01,2025-04-01 21:24:28
USD,XPF,110.3,111.2,2025-03-31 21:00:00,2025-04-01 21:24:28
USD,YER,245.65,246.25,2025-03-31 21:00:00,2025-04-01 21:24:28
USD,ZMK,28.41,28.51,2025-02-28 22:00:08,2025-04-01 21:24:28
AED,USD,0.272224,0.272283,2025-04-01 13:00:17,2025-04-01 21:24:28
DKK,USD,0.144716,0.144726,2025-04-01 16:36:46,2025-04-01 21:24:28
HKD,USD,0.128519,0.12852,2025-04-01 16:37:06,2025-04-01 21:24:28
MXN,USD,0.049067,0.0491393,2025-04-01 16:36:55,2025-04-01 21:24:28
NOK,USD,0.095573,0.095607,2025-04-01 16:37:13,2025-04-01 21:24:28
PLN,USD,0.25809,0.2582,2025-04-01 16:36:59,2025-04-01 21:24:28
RUB,USD,0.0118341,0.0118353,2025-04-01 16:37:06,2025-04-01 21:24:28
SAR,USD,0.266242,0.2669,2025-04-01 16:31:34,2025-04-01 21:24:28
SEK,USD,0.0999997,0.100013,2025-04-01 16:36:48,2025-04-01 21:24:28
TRY,USD,0.0263958,0.0264226,2025-04-01 16:36:47,2025-04-01 21:24:28
TWD,USD,0.030077,0.030086,2025-04-01 16:36:33,2025-04-01 21:24:28
VEF,USD,0.01553,0.01553,2025-02-28 21:59:15,2025-04-01 21:24:28
ZAR,USD,0.0542464,0.0542541,2025-04-01 16:36:45,2025-04-01 21:24:28
UYU,USD,0.02345,0.02401,2025-04-01 12:44:07,2025-04-01 21:24:28
PYG,USD,0.0001233,0.0001271,2025-04-01 11:19:05,2025-04-01 21:24:28
CLP,USD,0.00106033,0.001064,2025-04-01 16:33:31,2025-04-01 21:24:28
COP,USD,0.0002365,0.0002418,2025-04-01 16:36:56,2025-04-01 21:24:28
PEN,USD,0.27186,0.27209,2025-04-01 12:48:37,2025-04-01 21:24:28
NIO,USD,0.0268218,0.0275053,2025-04-01 11:19:05,2025-04-01 21:24:28
BOB,USD,0.140859,0.148618,2025-04-01 11:19:03,2025-04-01 21:24:28
KRW,USD,0.000679546,0.000679782,2025-04-01 16:36:39,2025-04-01 21:24:28
EGP,USD,0.0197656,0.0197837,2025-04-01 16:33:08,2025-04-01 21:24:28
USD,BYN,3.2666,3.27628,2025-04-01 16:37:13,2025-04-01 21:24:28
USD,MZN,63.25,64.55,2025-03-31 21:00:00,2025-04-01 21:24:28
INR,USD,0.011678,0.0116795,2025-04-01 16:36:45,2025-04-01 21:24:28
JOD,USD,1.40548,1.41543,2025-03-31 22:00:02,2025-04-01 21:24:28
KWD,USD,3.23388,3.25337,2025-04-01 16:31:35,2025-04-01 21:24:28
USD,AZN,1.7,1.7,2025-03-15 01:06:56,2025-04-01 21:24:28
USD,CNH,7.28245,7.28277,2025-04-01 16:36:34,2025-04-01 21:24:28
USD,KGS,87.015,87.0237,2025-03-19 01:47:24,2025-04-01 21:24:28
USD,TJS,10.7845,11.0162,2025-04-01 11:19:03,2025-04-01 21:24:28
USD,RUB,84.4931,84.5015,2025-04-01 16:37:06,2025-04-01 21:24:28
MYR,USD,0.225225,0.225479,2025-04-01 00:22:11,2025-04-01 21:24:28
UAH,USD,0.0239897,0.024314,2025-04-01 11:19:05,2025-04-01 21:24:28
HUF,USD,0.00268685,0.00268829,2025-04-01 16:36:43,2025-04-01 21:24:28
IDR,USD,5.978e-05,5.981e-05,2025-04-01 16:35:53,2025-04-01 21:24:28
USD,AOA,912.0,915.0,2025-03-31 21:00:00,2025-04-01 21:24:28
VND,USD,3.89864e-05,3.9032e-05,2025-04-01 10:28:57,2025-04-01 21:24:28
BYN,USD,0.304992,0.305856,2025-04-01 11:19:04,2025-04-01 21:24:28
XBR,USD,72.89,73.11,2025-02-28 21:58:48,2025-04-01 21:24:28
THB,USD,0.0292184,0.0292509,2025-04-01 16:36:45,2025-04-01 21:24:28
PHP,USD,0.0174578,0.0174718,2025-04-01 16:36:44,2025-04-01 21:24:28
USD,TMT,3.36,3.66,2025-03-31 21:00:00,2025-04-01 21:24:28
XAGG,USD,1.0494,1.0505,2025-02-24 05:27:46,2025-04-01 21:24:28
USD,MNT,3465.0,3475.0,2025-02-28 21:23:08,2025-04-01 21:24:28
USD,AFN,70.8972,72.75,2025-04-01 11:19:04,2025-04-01 21:24:28
AFN,USD,0.0138889,0.0142857,2025-03-31 21:00:00,2025-04-01 21:24:28
SYP,USD,8e-05,8e-05,2025-02-27 22:00:03,2025-04-01 21:24:28
IRR,USD,2.374e-05,2.375e-05,2025-03-19 01:47:24,2025-04-01 21:24:28
IQD,USD,0.0007471,0.0007795,2025-04-01 11:19:04,2025-04-01 21:24:28
USD,NGNI,365.0,366.0,2024-12-04 22:00:03,2025-04-01 21:24:28
USD,ZWL,25.233,27.89,2025-02-28 08:35:36,2025-04-01 21:24:28
BRL,ARS,188.735,188.833,2025-04-01 16:36:51,2025-04-01 21:24:28
BRL,AUD,0.280244,0.280932,2025-04-01 16:36:04,2025-04-01 21:24:28
BRL,CAD,0.251819,0.252438,2025-04-01 16:36:04,2025-04-01 21:24:28
BRL,CHF,0.155244,0.155396,2025-04-01 16:36:50,2025-04-01 21:24:28
BRL,CLP,165.3,166.46,2025-04-01 16:33:31,2025-04-01 21:24:28
BRL,DKK,1.21555,1.21611,2025-04-01 16:36:58,2025-04-01 21:24:28
BRL,HKD,1.36773,1.37109,2025-04-01 16:36:04,2025-04-01 21:24:28
BRL,JPY,26.296,26.308,2025-04-01 16:37:11,2025-04-01 21:24:28
BRL,MXN,3.5813,3.5847,2025-04-01 16:37:16,2025-04-01 21:24:28
BRL,SGD,0.236265,0.236846,2025-04-01 16:36:04,2025-04-01 21:24:28
SGD,BRL,4.22216,4.23253,2025-04-01 16:36:04,2025-04-01 21:24:28
AED,BRL,1.54442,1.54557,2025-04-01 16:36:37,2025-04-01 21:24:28
BRL,AED,0.647011,0.647492,2025-04-01 16:36:37,2025-04-01 21:24:28
BRL,BBD,0.347486,0.363605,2025-04-01 16:36:45,2025-04-01 21:24:28
BRL,BHD,0.0659165,0.0667317,2025-04-01 16:36:04,2025-04-01 21:24:28
BRL,CNY,1.27722,1.27754,2025-04-01 16:36:45,2025-04-01 21:24:28
BRL,CZK,4.06259,4.06572,2025-04-01 16:37:07,2025-04-01 21:24:28
BRL,EGP,8.90114,8.907,2025-04-01 16:33:08,2025-04-01 21:24:28
BRL,GBP,0.136,0.1364,2025-04-01 16:36:14,2025-04-01 21:24:28
BRL,HUF,65.3908,65.5163,2025-04-01 16:36:54,2025-04-01 21:24:28
BRL,IDR,2943.32,2943.65,2025-04-01 16:36:45,2025-04-01 21:24:28
BRL,ILS,0.649543,0.651454,2025-04-01 16:36:14,2025-04-01 21:24:28
BRL,INR,15.0674,15.0734,2025-04-01 16:36:45,2025-04-01 21:24:28
BRL,ISK,23.3759,23.4692,2025-04-01 16:36:45,2025-04-01 21:24:28
BRL,JMD,27.423,27.9955,2025-04-01 16:36:45,2025-04-01 21:24:28
BRL,JOD,0.124379,0.125194,2025-04-01 16:36:45,2025-04-01 21:24:28
BRL,KES,22.2958,22.7686,2025-04-01 11:19:06,2025-04-01 21:24:28
BRL,KRW,258.856,259.345,2025-04-01 16:32:28,2025-04-01 21:24:28
BRL,LBP,15204.0,15202.5,2025-03-05 15:39:02,2025-04-01 21:24:28
BRL,LKR,51.6055,52.6186,2025-04-01 16:36:04,2025-04-01 21:24:28
BRL,MAD,1.64252,1.75251,2025-04-01 16:36:45,2025-04-01 21:24:28
BRL,MYR,0.780782,0.78125,2025-04-01 16:36:45,2025-04-01 21:24:28
BRL,NAD,3.12536,3.12505,2025-03-05 15:39:02,2025-04-01 21:24:28
BRL,NOK,1.84102,1.84162,2025-04-01 16:36:45,2025-04-01 21:24:28
BRL,NPR,23.8652,24.4068,2025-04-01 16:36:45,2025-04-01 21:24:28
BRL,NZD,0.3086,0.309,2025-04-01 16:36:50,2025-04-01 21:24:28
BRL,OMR,0.0675352,0.0679886,2025-04-01 16:36:45,2025-04-01 21:24:28
BRL,PAB,0.172055,0.180115,2025-04-01 16:36:45,2025-04-01 21:24:28
BRL,PHP,10.0768,10.0795,2025-04-01 16:36:44,2025-04-01 21:24:28
BRL,PKR,49.0876,49.5834,2025-04-01 16:36:45,2025-04-01 21:24:28
BRL,PLN,0.67465,0.67538,2025-03-19 01:51:12,2025-04-01 21:24:28
BRL,QAR,0.617874,0.666456,2025-04-01 16:36:45,2025-04-01 21:24:28
BRL,RON,0.811001,0.812333,2025-04-01 16:36:27,2025-04-01 21:24:28
BRL,RUB,14.854,14.8905,2025-04-01 16:36:04,2025-04-01 21:24:28
BRL,SAR,0.659602,0.660883,2025-04-01 16:36:45,2025-04-01 21:24:28
BRL,SEK,1.75788,1.7622,2025-04-01 16:36:04,2025-04-01 21:24:28
BRL,THB,6.01894,6.02245,2025-04-01 16:36:45,2025-04-01 21:24:28
BRL,TRY,6.65519,6.67477,2025-04-01 16:36:14,2025-04-01 21:24:28
BRL,VEF,10.9478,10.949,2025-02-28 21:59:03,2025-04-01 21:24:28
BRL,XAF,105.632,105.669,2025-03-19 01:51:29,2025-04-01 21:24:28
BRL,XCD,0.473258,0.478058,2025-04-01 16:36:45,2025-04-01 21:24:28
BRL,XOF,106.939,106.996,2025-04-01 16:36:45,2025-04-01 21:24:28
BRL,ZAR,3.23915,3.24711,2025-04-01 16:36:04,2025-04-01 21:24:28
BRL,TWD,5.84988,5.85207,2025-04-01 16:36:45,2025-04-01 21:24:28
DKK,BRL,0.82229,0.822664,2025-04-01 16:36:58,2025-04-01 21:24:28
HKD,BRL,0.729345,0.731137,2025-04-01 16:36:04,2025-04-01 21:24:28
MXN,BRL,0.278697,0.279381,2025-04-01 16:36:04,2025-04-01 21:24:28
NOK,BRL,0.542981,0.543159,2025-04-01 16:36:45,2025-04-01 21:24:28
NZD,BRL,3.23259,3.2421,2025-04-01 16:36:14,2025-04-01 21:24:28
PLN,BRL,1.48065,1.48225,2025-03-19 01:51:12,2025-04-01 21:24:28
SAR,BRL,1.51305,1.51599,2025-04-01 16:36:45,2025-04-01 21:24:28
SEK,BRL,0.567473,0.568867,2025-04-01 16:36:04,2025-04-01 21:24:28
THB,BRL,0.166103,0.16619,2025-04-01 16:36:56,2025-04-01 21:24:28
TRY,BRL,0.149818,0.150259,2025-04-01 16:36:14,2025-04-01 21:24:28
TWD,BRL,0.170871,0.170935,2025-04-01 16:36:45,2025-04-01 21:24:28
VEF,BRL,0.0913,0.0914,2025-02-28 21:59:14,2025-04-01 21:24:28
ZAR,BRL,0.307966,0.308723,2025-04-01 16:36:04,2025-04-01 21:24:28
BRL,PYG,1385.16,1426.82,2025-04-01 16:36:45,2025-04-01 21:24:28
BRL,UYU,7.25854,7.44851,2025-04-01 11:19:06,2025-04-01 21:24:28
BRL,COP,733.43,733.83,2025-04-01 16:36:55,2025-04-01 21:24:28
BRL,PEN,0.6461,0.6467,2025-04-01 16:36:45,2025-04-01 21:24:28
BRL,BOB,1.17375,1.23496,2025-03-31 11:19:03,2025-04-01 21:24:28
CLP,BRL,0.00595455,0.00600745,2025-04-01 16:33:31,2025-04-01 21:24:28
PYG,BRL,0.00070763,0.00072892,2025-04-01 11:19:05,2025-04-01 21:24:28
UYU,BRL,0.134255,0.137769,2025-04-01 11:19:05,2025-04-01 21:24:28
COP,BRL,0.00135662,0.00135995,2025-04-01 16:36:04,2025-04-01 21:24:28
PEN,BRL,1.5441,1.54789,2025-04-01 16:36:04,2025-04-01 21:24:28
BOB,BRL,0.808266,0.85234,2025-04-01 11:19:04,2025-04-01 21:24:28
RUB,BRL,0.0671568,0.0673218,2025-04-01 16:36:04,2025-04-01 21:24:28
INR,BRL,0.0663421,0.0663686,2025-04-01 16:36:45,2025-04-01 21:24:28
EUR,GBP,0.83565,0.83575,2025-04-01 16:37:10,2025-04-01 21:24:28
EUR,JPY,161.405,161.42,2025-04-01 16:37:08,2025-04-01 21:24:28
EUR,CHF,0.95322,0.95326,2025-04-01 16:37:10,2025-04-01 21:24:28
EUR,AUD,1.72137,1.72155,2025-04-01 16:36:54,2025-04-01 21:24:28
EUR,CAD,1.54699,1.54717,2025-04-01 16:37:12,2025-04-01 21:24:28
EUR,NOK,11.2944,11.2978,2025-04-01 16:36:54,2025-04-01 21:24:28
EUR,DKK,7.4611,7.46205,2025-04-01 16:37:12,2025-04-01 21:24:28
EUR,PLN,4.18241,4.18386,2025-04-01 16:36:31,2025-04-01 21:24:28
EUR,NZD,1.89509,1.89519,2025-04-01 16:36:43,2025-04-01 21:24:28
EUR,SEK,10.7965,10.8,2025-04-01 16:36:36,2025-04-01 21:24:28
EUR,ILS,3.9925,3.9971,2025-04-01 15:00:43,2025-04-01 21:24:28
EUR,TRY,40.867,40.9108,2025-04-01 16:36:50,2025-04-01 21:24:28
EUR,THB,36.892,36.962,2025-04-01 16:31:35,2025-04-01 21:24:28
EUR,ZAR,19.9015,19.9113,2025-04-01 16:36:35,2025-04-01 21:24:28
EUR,MXN,21.9896,21.9962,2025-04-01 16:37:16,2025-04-01 21:24:28
EUR,SGD,1.45118,1.45139,2025-04-01 16:36:33,2025-04-01 21:24:28
EUR,HUF,401.691,401.903,2025-04-01 16:36:37,2025-04-01 21:24:28
EUR,HKD,8.4021,8.40274,2025-04-01 16:36:53,2025-04-01 21:24:28
EUR,CZK,24.9244,24.9586,2025-04-01 16:36:55,2025-04-01 21:24:28
EUR,KRW,1587.1,1590.1,2025-04-01 16:32:28,2025-04-01 21:24:28
BHD,EUR,2.43962,2.47586,2025-04-01 16:31:34,2025-04-01 21:24:28
EUR,AED,3.963,3.968,2025-04-01 16:31:35,2025-04-01 21:24:28
EUR,AFN,76.53,78.53,2025-04-01 11:19:03,2025-04-01 21:24:28
EUR,ALL,96.8,101.8,2025-04-01 01:00:05,2025-04-01 21:24:28
EUR,ANG,1.88342,1.98289,2025-04-01 16:36:45,2025-04-01 21:24:28
EUR,ARS,1158.56,1158.57,2025-04-01 16:36:36,2025-04-01 21:24:28
EUR,BAM,1.9458,1.9658,2025-04-01 01:00:04,2025-04-01 21:24:28
EUR,BBD,2.1303,2.2303,2025-04-01 11:19:04,2025-04-01 21:24:28
EUR,BDT,129.43,133.03,2025-04-01 11:19:05,2025-04-01 21:24:28
EUR,BGN,1.9483,1.9633,2025-04-01 16:11:25,2025-04-01 21:24:28
EUR,BHD,0.4039,0.4099,2025-04-01 16:31:34,2025-04-01 21:24:28
EUR,BIF,3181.3,3237.3,2025-04-01 11:19:03,2025-04-01 21:24:28
EUR,BND,1.4254,1.4754,2025-04-01 11:19:04,2025-04-01 21:24:28
EUR,BOB,7.262,7.662,2025-04-01 11:19:03,2025-04-01 21:24:28
EUR,BSD,1.0728,1.0868,2025-04-01 11:19:04,2025-04-01 21:24:28
EUR,BWP,14.663,14.983,2025-04-01 11:19:03,2025-04-01 21:24:28
EUR,BYN,3.5288,3.5388,2025-04-01 11:19:04,2025-04-01 21:24:28
EUR,BZD,2.119,2.219,2025-04-01 11:19:03,2025-04-01 21:24:28
EUR,CLP,1019.28,1019.48,2025-04-01 16:33:31,2025-04-01 21:24:28
EUR,CNY,7.83644,7.8386,2025-04-01 16:36:33,2025-04-01 21:24:28
EUR,COP,4466.7,4566.7,2025-04-01 11:19:05,2025-04-01 21:24:28
EUR,CRC,526.1,554.1,2025-04-01 11:19:04,2025-04-01 21:24:28
EUR,CUP,1.154,1.214,2025-03-19 15:19:03,2025-04-01 21:24:28
EUR,CVE,110.265,110.265,2025-03-04 16:09:04,2025-04-01 21:24:28
EUR,DJF,187.79,196.79,2025-04-01 11:19:03,2025-04-01 21:24:28
EUR,DOP,67.53,69.13,2025-04-01 11:19:04,2025-04-01 21:24:28
EUR,DZD,144.011,145.011,2025-04-01 16:31:35,2025-04-01 21:24:28
EUR,EGP,54.585,54.635,2025-04-01 16:33:08,2025-04-01 21:24:28
EUR,ETB,142.698,143.198,2025-04-01 11:19:03,2025-04-01 21:24:28
EUR,FJD,2.509,2.534,2025-04-01 16:31:34,2025-04-01 21:24:28
EUR,GHS,16.712,16.762,2025-04-01 11:19:03,2025-04-01 21:24:28
EUR,GMD,77.6464,77.6593,2025-03-05 19:48:32,2025-04-01 21:24:28
EUR,GNF,9254.0,9434.0,2025-04-01 11:19:05,2025-04-01 21:24:28
EUR,GTQ,8.133,8.533,2025-04-01 11:19:04,2025-04-01 21:24:28
EUR,HNL,27.128,28.128,2025-04-01 11:19:04,2025-04-01 21:24:28
EUR,HRK,7.3845,7.6845,2025-03-19 15:19:03,2025-04-01 21:24:28
EUR,HTG,140.59,142.59,2025-04-01 11:19:04,2025-04-01 21:24:28
EUR,IDR,17860.0,18320.0,2025-04-01 11:19:03,2025-04-01 21:24:28
EUR,INR,92.328,92.488,2025-04-01 16:35:56,2025-04-01 21:24:28
EUR,IQD,1384.6,1444.6,2025-04-01 11:19:04,2025-04-01 21:24:28
EUR,IRR,45354.9,45579.2,2025-04-01 16:36:45,2025-04-01 21:24:28
EUR,ISK,141.5,145.5,2025-04-01 11:19:04,2025-04-01 21:24:28
EUR,JMD,168.12,171.72,2025-04-01 11:19:05,2025-04-01 21:24:28
EUR,JOD,0.758,0.773,2025-04-01 16:11:26,2025-04-01 21:24:28
EUR,KES,138.01,141.01,2025-04-01 11:19:05,2025-04-01 21:24:28
EUR,KHR,4219.0,4419.0,2025-04-01 11:19:03,2025-04-01 21:24:28
EUR,KWD,0.33185,0.33385,2025-04-01 16:31:35,2025-04-01 21:24:28
EUR,KYD,0.8799,0.9199,2025-04-01 11:19:03,2025-04-01 21:24:28
EUR,KZT,540.61,546.61,2025-04-01 11:19:04,2025-04-01 21:24:28
EUR,LAK,23139.0,23639.0,2025-04-01 11:19:03,2025-04-01 21:24:28
EUR,LBP,96712.3,96792.3,2025-04-01 11:19:03,2025-04-01 21:24:28
EUR,LKR,316.21,323.21,2025-04-01 11:19:04,2025-04-01 21:24:28
EUR,LSL,19.6154,20.0754,2025-04-01 11:19:04,2025-04-01 21:24:28
EUR,LYD,5.192,5.252,2025-04-01 11:19:05,2025-04-01 21:24:28
EUR,MAD,10.0698,10.7498,2025-04-01 11:19:05,2025-04-01 21:24:28
EUR,MDL,19.061,19.661,2025-04-01 11:19:03,2025-04-01 21:24:28
EUR,MGA,4998.0,5098.0,2025-04-01 11:19:03,2025-04-01 21:24:28
EUR,MKD,61.075,61.975,2025-04-01 16:31:34,2025-04-01 21:24:28
EUR,MMK,3465.12,3509.12,2025-03-19 15:19:03,2025-04-01 21:24:28
EUR,MOP,8.4549,8.8549,2025-04-01 11:19:02,2025-04-01 21:24:28
EUR,MRO,40.676,42.076,2025-02-28 22:00:08,2025-04-01 21:24:28
EUR,MUR,47.76,50.76,2025-04-01 16:31:35,2025-04-01 21:24:28
EUR,MWK,1868.4,1876.4,2025-04-01 11:19:03,2025-04-01 21:24:28
EUR,MYR,4.7254,4.8854,2025-04-01 11:19:04,2025-04-01 21:24:28
EUR,NAD,19.6154,20.0754,2025-04-01 11:19:04,2025-04-01 21:24:28
EUR,NGN,1654.6,1660.6,2025-04-01 11:19:04,2025-04-01 21:24:28
EUR,NIO,39.24,40.24,2025-04-01 11:19:05,2025-04-01 21:24:28
EUR,NPR,146.329,149.729,2025-04-01 11:19:04,2025-04-01 21:24:28
EUR,OMR,0.41413,0.41713,2025-04-01 16:31:35,2025-04-01 21:24:28
EUR,PAB,1.0548,1.1048,2025-04-01 11:19:03,2025-04-01 21:24:28
EUR,PEN,3.9654,3.9674,2025-04-01 12:54:37,2025-04-01 21:24:28
EUR,PGK,4.373,4.533,2025-04-01 11:19:05,2025-04-01 21:24:28
EUR,PHP,61.653,61.953,2025-04-01 16:31:35,2025-04-01 21:24:28
EUR,PKR,300.94,304.14,2025-04-01 11:19:04,2025-04-01 21:24:28
EUR,PYG,8492.0,8752.0,2025-04-01 11:19:05,2025-04-01 21:24:28
EUR,QAR,3.788,4.088,2025-04-01 11:19:05,2025-04-01 21:24:28
EUR,RON,4.97694,4.9777,2025-04-01 15:00:21,2025-04-01 21:24:28
EUR,RSD,117.064,117.314,2025-04-01 16:31:35,2025-04-01 21:24:28
EUR,RWF,1524.8,1554.8,2025-04-01 11:19:03,2025-04-01 21:24:28
EUR,SAR,4.0479,4.0576,2025-04-01 16:32:40,2025-04-01 21:24:28
EUR,SCR,14.537,16.537,2025-04-01 15:25:12,2025-04-01 21:24:28
EUR,SDG,645.767,651.132,2025-04-01 16:36:45,2025-04-01 21:24:28
EUR,SOS,577.1,657.1,2025-04-01 11:19:03,2025-04-01 21:24:28
EUR,STD,24.49,25.0,2025-02-28 21:00:00,2025-04-01 21:24:28
EUR,SVC,9.208,9.688,2025-04-01 11:19:05,2025-04-01 21:24:28
EUR,SYP,13486.2,13499.2,2025-02-28 21:29:59,2025-04-01 21:24:28
EUR,SZL,19.631,20.031,2025-04-01 11:19:03,2025-04-01 21:24:28
EUR,TND,3.3401,3.3721,2025-04-01 11:19:04,2025-04-01 21:24:28
EUR,TTD,7.177,7.477,2025-04-01 11:19:04,2025-04-01 21:24:28
EUR,TWD,35.8916,35.9024,2025-04-01 16:36:48,2025-04-01 21:24:28
EUR,TZS,2800.7,2900.7,2025-04-01 11:19:03,2025-04-01 21:24:28
EUR,UAH,44.3899,44.9899,2025-04-01 11:19:05,2025-04-01 21:24:28
EUR,UGX,3901.0,3991.0,2025-04-01 11:19:04,2025-04-01 21:24:28
EUR,UYU,44.93,46.13,2025-04-01 11:19:04,2025-04-01 21:24:28
EUR,UZS,13935.0,14005.0,2025-04-01 11:19:04,2025-04-01 21:24:28
EUR,VEF,66.8168,66.8241,2025-02-28 22:00:08,2025-04-01 21:24:28
EUR,VND,27281.0,28081.0,2025-04-01 11:19:03,2025-04-01 21:24:28
EUR,XAF,655.451,655.517,2025-03-19 01:51:29,2025-04-01 21:24:28
EUR,XOF,656.267,656.303,2025-04-01 16:36:45,2025-04-01 21:24:28
EUR,XPF,119.33,119.33,2025-03-04 16:09:03,2025-04-01 21:24:28
EUR,ZMK,29.56,29.66,2025-02-28 22:00:08,2025-04-01 21:24:28
GHS,EUR,0.0596588,0.0598372,2025-04-01 11:19:03,2025-04-01 21:24:28
NZD,EUR,0.52759,0.52778,2025-04-01 16:36:54,2025-04-01 21:24:28
SGD,EUR,0.688966,0.689066,2025-04-01 16:37:17,2025-04-01 21:24:28
AED,EUR,0.252016,0.252334,2025-04-01 16:31:35,2025-04-01 21:24:28
DKK,EUR,0.134015,0.134033,2025-04-01 16:36:35,2025-04-01 21:24:28
EUR,XCD,2.95529,2.96563,2025-03-19 01:50:43,2025-04-01 21:24:28
HKD,EUR,0.119009,0.119018,2025-04-01 16:36:53,2025-04-01 21:24:28
MXN,EUR,0.0454388,0.0455058,2025-04-01 16:36:50,2025-04-01 21:24:28
NOK,EUR,0.0885062,0.0885243,2025-04-01 16:37:17,2025-04-01 21:24:28
PLN,EUR,0.239,0.23908,2025-04-01 16:36:55,2025-04-01 21:24:28
RUB,EUR,0.0109586,0.0109597,2025-04-01 16:37:17,2025-04-01 21:24:28
SAR,EUR,0.246609,0.247219,2025-04-01 16:31:34,2025-04-01 21:24:28
SEK,EUR,0.0926015,0.092614,2025-04-01 16:36:46,2025-04-01 21:24:28
TRY,EUR,0.02445,0.02448,2025-04-01 16:36:22,2025-04-01 21:24:28
TWD,EUR,0.0278533,0.0278616,2025-04-01 16:36:48,2025-04-01 21:24:28
VEF,EUR,0.01496,0.01497,2025-02-28 21:59:14,2025-04-01 21:24:28
ZAR,EUR,0.050227,0.050252,2025-04-01 16:37:15,2025-04-01 21:24:28
MAD,EUR,0.093025,0.099307,2025-04-01 11:19:05,2025-04-01 21:24:28
KRW,EUR,0.0006293,0.0006295,2025-04-01 16:36:39,2025-04-01 21:24:28
EGP,EUR,0.0183033,0.0183201,2025-04-01 16:33:08,2025-04-01 21:24:28
EUR,MZN,68.402,69.8079,2025-03-31 21:00:00,2025-04-01 21:24:28
INR,EUR,0.0108122,0.0108309,2025-04-01 16:35:56,2025-04-01 21:24:28
JOD,EUR,1.29,1.32,2025-04-01 16:11:26,2025-04-01 21:24:28
KWD,EUR,2.99536,3.01341,2025-04-01 16:31:35,2025-04-01 21:24:28
EUR,AZN,1.7658,1.7658,2025-02-28 22:00:08,2025-04-01 21:24:28
EUR,AMD,391.7,451.7,2025-04-01 11:19:03,2025-04-01 21:24:28
EUR,TJS,11.6397,11.8897,2025-04-01 11:19:03,2025-04-01 21:24:28
EUR,RUB,91.2437,91.2527,2025-04-01 16:37:17,2025-04-01 21:24:28
HUF,EUR,0.00248811,0.00248944,2025-04-01 16:36:43,2025-04-01 21:24:28
GEL,EUR,0.331308,0.33859,2025-03-31 21:00:00,2025-04-01 21:24:28
EUR,GEL,2.95343,3.01834,2025-03-31 21:00:00,2025-04-01 21:24:28
IDR,EUR,5.5e-05,5.6e-05,2025-04-01 11:19:03,2025-04-01 21:24:28
EUR,AOA,946.11,960.2,2025-02-28 21:29:59,2025-04-01 21:24:28
BYN,EUR,0.28258,0.28338,2025-04-01 11:19:04,2025-04-01 21:24:28
XAGG,EUR,0.9975,0.9985,2025-02-24 05:27:49,2025-04-01 21:24:28
PEN,EUR,0.2481,0.2561,2025-04-01 13:00:37,2025-04-01 21:24:28
XAU,USD,3108.7,3108.96,2025-04-01 16:37:13,2025-04-01 21:24:28
XAU,EUR,2878.56,2878.92,2025-04-01 16:37:10,2025-04-01 21:24:28
USD,BRLPTAX,5.7045,5.7051,2025-04-01 16:15:00,2025-04-01 21:24:28
NZD,JPY,85.159,85.184,2025-04-01 16:36:33,2025-04-01 21:24:28
GBP,JPY,193.133,193.15,2025-04-01 16:37:10,2025-04-01 21:24:28
GBP,CHF,1.14068,1.14074,2025-04-01 16:37:10,2025-04-01 21:24:28
XAU,BRL,17650.2,17653.8,2025-04-01 16:36:23,2025-04-01 21:24:28
CAD,JPY,104.323,104.333,2025-04-01 16:37:16,2025-04-01 21:24:28
CLP,EUR,0.000977,0.000985,2025-04-01 16:33:31,2025-04-01 21:24:28
CLP,BOB,0.00713461,0.00751461,2025-04-01 16:33:31,2025-04-01 21:24:28
XAG,EUR,31.0687,31.1463,2025-04-01 16:36:53,2025-04-01 21:24:28
XAG,USD,33.5792,33.5995,2025-04-01 16:36:53,2025-04-01 21:24:28
XAG,BRL,190.77,190.8,2025-04-01 16:36:23,2025-04-01 21:24:28
RSD,BRL,0.0521286,0.0525834,2025-04-01 16:36:45,2025-04-01 21:24:28
BRL,RSD,19.0164,19.1823,2025-04-01 16:36:45,2025-04-01 21:24:28
KRW,BRL,0.0038606,0.00386191,2025-04-01 16:36:39,2025-04-01 21:24:28
BRL,XAG,0.00524109,0.00524191,2025-04-01 16:36:23,2025-04-01 21:24:28
AUD,JPY,93.755,93.764,2025-04-01 16:37:15,2025-04-01 21:24:28
AUD,NZD,1.10085,1.10091,2025-04-01 16:36:35,2025-04-01 21:24:28
BRETT,USD,0.0435,0.04351,2025-02-24 16:58:55,2025-04-01 21:24:28
BRETT,BRL,0.25096,0.25102,2025-02-24 16:58:55,2025-04-01 21:24:28
BRETT,EUR,0.0415,0.04151,2025-02-24 16:58:55,2025-04-01 21:24:28
SOL,USD,128.68,128.69,2025-04-01 16:36:34,2025-04-01 21:24:28
SOL,BRL,733.0,733.5,2025-04-01 16:36:34,2025-04-01 21:24:28
SOL,EUR,119.18,119.19,2025-04-01 16:36:47,2025-04-01 21:24:28
BNB,USD,612.55,612.56,2025-04-01 16:36:53,2025-04-01 21:24:28
BNB,BRL,3490.0,3492.0,2025-04-01 16:37:06,2025-04-01 21:24:28
BNB,EUR,567.42,567.58,2025-04-01 16:37:00,2025-04-01 21:24:28
CHF,JPY,169.307,169.334,2025-04-01 16:37:08,2025-04-01 21:24:28
GBP,ZAR,23.8119,23.8245,2025-04-01 16:37:04,2025-04-01 21:24:28
AUD,CHF,0.553693,0.553711,2025-04-01 16:37:11,2025-04-01 21:24:28
GBP,AUD,2.05988,2.06012,2025-04-01 16:36:43,2025-04-01 21:24:28
ARS,CLP,0.86118,0.88526,2025-03-31 16:23:53,2025-04-01 21:24:28
ARS,PEN,0.00336889,0.00350649,2025-04-01 13:15:31,2025-04-01 21:24:28
CAD,UAH,28.6931,29.0801,2025-04-01 16:37:13,2025-04-01 21:24:28
EUR,BRLT,6.17131,6.37425,2025-04-01 16:36:04,2025-04-01 21:24:28
EUR,BRLPTAX,6.1597,6.1615,2025-04-01 16:15:00,2025-04-01 21:24:28
BRL,XAU,5.6645e-05,5.66566e-05,2025-04-01 16:36:23,2025-04-01 21:24:28
XCD,GBP,0.28483,0.287871,2025-04-01 16:36:48,2025-04-01 21:24:28
GBP,XCD,3.47378,3.51086,2025-04-01 16:36:48,2025-04-01 21:24:28
MXN,XCD,0.132096,0.13331,2025-04-01 16:36:55,2025-04-01 21:24:28
NZD,ILS,2.10523,2.10643,2025-04-01 16:36:46,2025-04-01 21:24:28
CRC,USD,0.00194783,0.0020515,2025-04-01 11:19:04,2025-04-01 21:24:28
CRC,BRL,0.0110693,0.0116523,2025-04-01 16:36:45,2025-04-01 21:24:28
PYG,ARS,0.132419,0.136454,2025-04-01 11:19:06,2025-04-01 21:24:28
RON,BRL,1.23102,1.23304,2025-04-01 16:36:27,2025-04-01 21:24:28
BRL,CRC,85.8153,90.3348,2025-04-01 16:36:45,2025-04-01 21:24:28
ILS,NZD,0.474744,0.475016,2025-04-01 16:36:54,2025-04-01 21:24:28
PYG,EUR,0.00011,0.00012,2025-04-01 11:19:05,2025-04-01 21:24:28
USD,KYD,0.815292,0.852355,2025-04-01 11:19:03,2025-04-01 21:24:28
XCD,USD,0.36807,0.372,2025-03-31 21:00:01,2025-04-01 21:24:28
RON,USD,0.216699,0.217169,2025-04-01 16:36:27,2025-04-01 21:24:28
EGP,BRL,0.11236,0.112403,2025-04-01 16:36:58,2025-04-01 21:24:28
XOF,USD,0.00164204,0.00165563,2025-03-31 21:00:01,2025-04-01 21:24:28
KES,USD,0.00765414,0.00782052,2025-04-01 11:19:05,2025-04-01 21:24:28
KES,BRL,0.0439241,0.0445859,2025-04-01 12:52:57,2025-04-01 21:24:28
PHP,BRL,0.0992109,0.0992382,2025-04-01 16:36:44,2025-04-01 21:24:28
HUF,BRL,0.0152539,0.0152833,2025-04-01 16:36:43,2025-04-01 21:24:28
CZK,USD,0.0432657,0.0433219,2025-04-01 16:37:17,2025-04-01 21:24:28
CZK,BRL,0.245959,0.246149,2025-04-01 16:37:07,2025-04-01 21:24:28
SDG,USD,0.00165837,0.00167224,2025-03-31 21:00:00,2025-04-01 21:24:28
XPF,USD,0.00899281,0.00906618,2025-03-31 21:00:00,2025-04-01 21:24:28
ANG,USD,0.544569,0.573361,2025-03-31 21:00:00,2025-04-01 21:24:28
